title,description,remaining_count,expiration_date
Bali,Suspendisse congue erat ac ex venenatis mattis. Sed finibus sodales nunc nec maximus tellus aliquam id. Maecenas non volutpat nisl. Curabitur vestibulum ante non nibh faucibus sit amet pulvinar turpis finibus,5,2020-11-19T12:10:11
Madeira,Donec condimentum risus non mollis sollicitudin est neque sagittis metus eget aliquam orci quam eget dui. Nam imperdiet lorem quis lacinia imperdiet augue libero tincidunt sem eget pulvinar massa est non metus. Pellentesque et massa nibh.,4,2020-11-20T12:10:11
Paris trip,Pellentesque non aliquam eros quis posuere leo. Nullam sit amet tempor orci. Phasellus quam velit aliquet nec nisl et commodo rutrum lorem. Proin egestas nisl eget magna commodo sagittis. Integer egestas sodales mi eu maximus. Mauris et auctor felis at dictum ipsum. Curabitur eros neque commodo non mi congue eleifend molestie quam. Cras feugiat turpis sed ullamcorper vestibulum enim lectus sagittis dui ac semper nulla leo id arcu. Suspendisse auctor risus eu magna dapibus suscipit. Cras luctus dapibus turpis vel ornare diam dignissim sed. Sed odio ipsum placerat et mi eu eleifend bibendum risus. Aliquam sed iaculis elit. Donec interdum egestas metus quis sollicitudin nisi imperdiet id. Integer non ante eleifend mi viverra interdum eu nec nibh. Sed ac tortor lorem,3,2020-11-21T12:10:11
F1 stage,Lorem ipsum dolor sit amet consectetur adipiscing elit. Aliquam in augue ut velit condimentum,2,2020-11-22T12:10:11
Hot air balloon,Etiam molestie sem id luctus facilisis. Proin vestibulum mauris vitae suscipit suscipit metus enim faucibus metus a bibendum nibh lorem id nisl,1,2020-11-23T12:10:11
Route 66,Quisque at feugiat purus. Praesent feugiat eget sem quis tincidunt. Aliquam dui magna auctor sit amet turpis nec porttitor porta ero,0,2020-11-24T12:10:11
Milano,Nunc laoreet purus eget tristique suscipit. Class aptent taciti sociosqu ad litora torquent per conubia nostra per inceptos himenaeos,1,2020-11-25T12:10:11
Italy,Suspendisse potenti,2,2020-11-26T12:10:11
Rome,Suspendisse dui felis convallis in tortor vitae lobortis molestie leo,5,2020-11-27T12:10:11
France,Ut at euismod massa,4,2020-11-28T12:10:11
Versailles,Sed tristique quam in elit bibendum tristique. Aliquam auctor ante et pellentesque tristique ipsum urna condimentum ante vitae sodales ipsum augue ac massa.,3,2020-11-29T12:10:11
London,Vestibulum in purus eu massa rutrum pretium ut non metus. Donec condimentum id elit eu convallis,2,2020-11-30T12:10:11
Halifax,Nudus turpis Putridus findere Acerbus crudus  Raptus contemptio,2,2020-12-02T12:10:11
England,Ut mauris orci sodales ac pulvinar nec posuere et metus.,10,2020-12-03T12:10:11
